ret W=2 E=1	physical	200000	9600000	9	1	0	519	444	19	88.10108	ret0:1,drive:3	40000000000
ret W=2 E=1	virtual	0	0	0	0	1	426	351	12	3.916035	ret0:1>2,drive:3	40000000000
ret W=2 E=2	physical	200000	9600000	9	1	0	562	487	19	93.920535	ret0:1,ret1:1,drive:3	40000000000
ret W=2 E=2	virtual	0	0	0	0	2	446	371	12	3.62938	ret0:1>2,ret1:1>2,drive:3	40000000000
ret W=2 E=3	physical	200000	9600000	9	1	0	605	530	19	90.38578	ret0:1,ret1:1,ret2:1,drive:3	40000000000
ret W=2 E=3	virtual	0	0	0	0	3	466	391	12	4.466655	ret0:1>2,ret1:1>2,ret2:1>2,drive:3	40000000000
ret W=2 E=4	physical	200000	9600000	9	1	0	648	573	19	91.03051	ret0:1,ret1:1,ret2:1,ret3:1,drive:3	40000000000
ret W=2 E=4	virtual	0	0	0	0	4	486	411	12	5.92277	ret0:1>2,ret1:1>2,ret2:1>2,ret3:1>2,drive:3	40000000000
ret W=2 E=6	physical	200000	9600000	9	1	0	734	659	19	101.943415	ret0:1,ret1:1,ret2:1,ret3:1,ret4:1,ret5:1,drive:3	40000000000
ret W=2 E=6	virtual	0	0	0	0	6	526	451	12	9.69593	ret0:1>2,ret1:1>2,ret2:1>2,ret3:1>2,ret4:1>2,ret5:1>2,drive:3	40000000000
ret W=2 E=8	physical	200000	9600000	9	1	0	820	745	19	97.363005	ret0:1,ret1:1,ret2:1,ret3:1,ret4:1,ret5:1,ret6:1,ret7:1,drive:3	40000000000
ret W=2 E=8	virtual	0	0	0	0	8	566	491	12	12.59579	ret0:1>2,ret1:1>2,ret2:1>2,ret3:1>2,ret4:1>2,ret5:1>2,ret6:1>2,ret7:1>2,drive:3	40000000000
ret W=2 E=12	physical	200000	9600000	9	1	0	992	917	19	106.03817	ret0:1,ret1:1,ret2:1,ret3:1,ret4:1,ret5:1,ret6:1,ret7:1,ret8:1,ret9:1,ret10:1,ret11:1,drive:3	40000000000
ret W=2 E=12	virtual	0	0	0	0	12	646	571	12	17.22164	ret0:1>2,ret1:1>2,ret2:1>2,ret3:1>2,ret4:1>2,ret5:1>2,ret6:1>2,ret7:1>2,ret8:1>2,ret9:1>2,ret10:1>2,ret11:1>2,drive:3	40000000000
ret W=3 E=1	physical	200000	11200000	10	1	0	616	541	22	85.813905	ret0:1,drive:3	60000300000
ret W=3 E=1	virtual	0	0	0	0	1	547	472	18	3.88628	ret0:1>3,drive:3	60000300000
ret W=3 E=2	physical	200000	11200000	10	1	0	659	584	22	85.517075	ret0:1,ret1:1,drive:3	60000300000
ret W=3 E=2	virtual	0	0	0	0	2	611	536	21	4.92127	ret0:1>3,ret1:1>3,drive:3	60000300000
ret W=3 E=3	physical	200000	11200000	10	1	0	702	627	22	91.344	ret0:1,ret1:1,ret2:1,drive:3	60000300000
ret W=3 E=3	virtual	0	0	0	0	3	675	600	24	6.068815	ret0:1>3,ret1:1>3,ret2:1>3,drive:3	60000300000
ret W=3 E=4	physical	200000	11200000	10	1	0	745	670	22	89.080675	ret0:1,ret1:1,ret2:1,ret3:1,drive:3	60000300000
ret W=3 E=4	virtual	0	0	0	0	4	739	664	27	7.084165	ret0:1>3,ret1:1>3,ret2:1>3,ret3:1>3,drive:3	60000300000
ret W=3 E=6	physical	200000	11200000	10	1	0	831	756	22	90.509215	ret0:1,ret1:1,ret2:1,ret3:1,ret4:1,ret5:1,drive:3	60000300000
ret W=3 E=6	virtual	0	0	0	0	6	867	792	33	9.734775	ret0:1>3,ret1:1>3,ret2:1>3,ret3:1>3,ret4:1>3,ret5:1>3,drive:3	60000300000
ret W=3 E=8	physical	200000	11200000	10	1	0	917	842	22	94.943555	ret0:1,ret1:1,ret2:1,ret3:1,ret4:1,ret5:1,ret6:1,ret7:1,drive:3	60000300000
ret W=3 E=8	virtual	0	0	0	0	8	995	920	39	13.984705	ret0:1>3,ret1:1>3,ret2:1>3,ret3:1>3,ret4:1>3,ret5:1>3,ret6:1>3,ret7:1>3,drive:3	60000300000
ret W=3 E=12	physical	200000	11200000	10	1	0	1089	1014	22	105.95139	ret0:1,ret1:1,ret2:1,ret3:1,ret4:1,ret5:1,ret6:1,ret7:1,ret8:1,ret9:1,ret10:1,ret11:1,drive:3	60000300000
ret W=3 E=12	virtual	0	0	0	0	12	1251	1176	51	23.64596	ret0:1>3,ret1:1>3,ret2:1>3,ret3:1>3,ret4:1>3,ret5:1>3,ret6:1>3,ret7:1>3,ret8:1>3,ret9:1>3,ret10:1>3,ret11:1>3,drive:3	60000300000
ret W=4 E=1	physical	200000	12800000	12	1	0	719	644	25	85.012375	ret0:1,drive:3	80000800000
ret W=4 E=1	virtual	0	0	0	0	1	679	604	29	5.52103	ret0:1>4,drive:3	80000800000
ret W=4 E=2	physical	200000	12800000	12	1	0	762	687	25	85.54391	ret0:1,ret1:1,drive:3	80000800000
ret W=4 E=2	virtual	0	0	0	0	2	752	677	33	6.289645	ret0:1>4,ret1:1>4,drive:3	80000800000
ret W=4 E=3	physical	200000	12800000	12	1	0	805	730	25	86.85169	ret0:1,ret1:1,ret2:1,drive:3	80000800000
ret W=4 E=3	virtual	0	0	0	0	3	825	750	37	7.607565	ret0:1>4,ret1:1>4,ret2:1>4,drive:3	80000800000
ret W=4 E=4	physical	200000	12800000	12	1	0	848	773	25	88.737855	ret0:1,ret1:1,ret2:1,ret3:1,drive:3	80000800000
ret W=4 E=4	virtual	0	0	0	0	4	898	823	41	9.03535	ret0:1>4,ret1:1>4,ret2:1>4,ret3:1>4,drive:3	80000800000
ret W=4 E=6	physical	200000	12800000	12	1	0	934	859	25	92.732345	ret0:1,ret1:1,ret2:1,ret3:1,ret4:1,ret5:1,drive:3	80000800000
ret W=4 E=6	virtual	0	0	0	0	6	1044	969	49	11.632375	ret0:1>4,ret1:1>4,ret2:1>4,ret3:1>4,ret4:1>4,ret5:1>4,drive:3	80000800000
ret W=4 E=8	physical	200000	12800000	12	1	0	1020	945	25	95.608775	ret0:1,ret1:1,ret2:1,ret3:1,ret4:1,ret5:1,ret6:1,ret7:1,drive:3	80000800000
ret W=4 E=8	virtual	0	0	0	0	8	1190	1115	57	15.90411	ret0:1>4,ret1:1>4,ret2:1>4,ret3:1>4,ret4:1>4,ret5:1>4,ret6:1>4,ret7:1>4,drive:3	80000800000
ret W=4 E=12	physical	200000	12800000	12	1	0	1192	1117	25	101.16115	ret0:1,ret1:1,ret2:1,ret3:1,ret4:1,ret5:1,ret6:1,ret7:1,ret8:1,ret9:1,ret10:1,ret11:1,drive:3	80000800000
ret W=4 E=12	virtual	0	0	0	0	12	1482	1407	73	24.24129	ret0:1>4,ret1:1>4,ret2:1>4,ret3:1>4,ret4:1>4,ret5:1>4,ret6:1>4,ret7:1>4,ret8:1>4,ret9:1>4,ret10:1>4,ret11:1>4,drive:3	80000800000
ret W=6 E=1	physical	200000	16000000	15	1	0	908	833	31	90.153095	ret0:1,drive:3	120002400000
ret W=6 E=1	virtual	0	0	0	0	1	910	835	37	7.34291	ret0:1>6,drive:3	120002400000
ret W=6 E=2	physical	200000	16000000	15	1	0	951	876	31	92.024755	ret0:1,ret1:1,drive:3	120002400000
ret W=6 E=2	virtual	0	0	0	0	2	1001	926	43	8.54189	ret0:1>6,ret1:1>6,drive:3	120002400000
ret W=6 E=3	physical	200000	16000000	15	1	0	994	919	31	92.791505	ret0:1,ret1:1,ret2:1,drive:3	120002400000
ret W=6 E=3	virtual	0	0	0	0	3	1092	1017	49	10.239975	ret0:1>6,ret1:1>6,ret2:1>6,drive:3	120002400000
ret W=6 E=4	physical	200000	16000000	15	1	0	1037	962	31	95.61735	ret0:1,ret1:1,ret2:1,ret3:1,drive:3	120002400000
ret W=6 E=4	virtual	0	0	0	0	4	1183	1108	55	12.422295	ret0:1>6,ret1:1>6,ret2:1>6,ret3:1>6,drive:3	120002400000
ret W=6 E=6	physical	200000	16000000	15	1	0	1123	1048	31	117.883725	ret0:1,ret1:1,ret2:1,ret3:1,ret4:1,ret5:1,drive:3	120002400000
ret W=6 E=6	virtual	0	0	0	0	6	1365	1290	67	15.991205	ret0:1>6,ret1:1>6,ret2:1>6,ret3:1>6,ret4:1>6,ret5:1>6,drive:3	120002400000
ret W=6 E=8	physical	200000	16000000	15	1	0	1209	1134	31	100.06589	ret0:1,ret1:1,ret2:1,ret3:1,ret4:1,ret5:1,ret6:1,ret7:1,drive:3	120002400000
ret W=6 E=8	virtual	0	0	0	0	8	1547	1472	79	20.41803	ret0:1>6,ret1:1>6,ret2:1>6,ret3:1>6,ret4:1>6,ret5:1>6,ret6:1>6,ret7:1>6,drive:3	120002400000
ret W=6 E=12	physical	200000	16000000	15	1	0	1381	1306	31	109.204245	ret0:1,ret1:1,ret2:1,ret3:1,ret4:1,ret5:1,ret6:1,ret7:1,ret8:1,ret9:1,ret10:1,ret11:1,drive:3	120002400000
ret W=6 E=12	virtual	0	0	0	0	12	1911	1836	103	29.432835	ret0:1>6,ret1:1>6,ret2:1>6,ret3:1>6,ret4:1>6,ret5:1>6,ret6:1>6,ret7:1>6,ret8:1>6,ret9:1>6,ret10:1>6,ret11:1>6,drive:3	120002400000
ret W=8 E=1	physical	200000	19200000	18	1	0	1145	1070	39	98.39736	ret0:1,drive:3	160004800000
ret W=8 E=1	virtual	0	0	0	0	1	1155	1080	45	9.326915	ret0:1>8,drive:3	160004800000
ret W=8 E=2	physical	200000	19200000	18	1	0	1188	1113	39	91.245095	ret0:1,ret1:1,drive:3	160004800000
ret W=8 E=2	virtual	0	0	0	0	2	1264	1189	53	10.875545	ret0:1>8,ret1:1>8,drive:3	160004800000
ret W=8 E=3	physical	200000	19200000	18	1	0	1231	1156	39	93.9222	ret0:1,ret1:1,ret2:1,drive:3	160004800000
ret W=8 E=3	virtual	0	0	0	0	3	1373	1298	61	13.713855	ret0:1>8,ret1:1>8,ret2:1>8,drive:3	160004800000
ret W=8 E=4	physical	200000	19200000	18	1	0	1274	1199	39	98.97934	ret0:1,ret1:1,ret2:1,ret3:1,drive:3	160004800000
ret W=8 E=4	virtual	0	0	0	0	4	1482	1407	69	15.275135	ret0:1>8,ret1:1>8,ret2:1>8,ret3:1>8,drive:3	160004800000
ret W=8 E=6	physical	200000	19200000	18	1	0	1360	1285	39	100.8951	ret0:1,ret1:1,ret2:1,ret3:1,ret4:1,ret5:1,drive:3	160004800000
ret W=8 E=6	virtual	0	0	0	0	6	1700	1625	85	20.082275	ret0:1>8,ret1:1>8,ret2:1>8,ret3:1>8,ret4:1>8,ret5:1>8,drive:3	160004800000
ret W=8 E=8	physical	200000	19200000	18	1	0	1446	1371	39	110.736555	ret0:1,ret1:1,ret2:1,ret3:1,ret4:1,ret5:1,ret6:1,ret7:1,drive:3	160004800000
ret W=8 E=8	virtual	0	0	0	0	8	1918	1843	101	24.74936	ret0:1>8,ret1:1>8,ret2:1>8,ret3:1>8,ret4:1>8,ret5:1>8,ret6:1>8,ret7:1>8,drive:3	160004800000
ret W=8 E=12	physical	200000	19200000	18	1	0	1618	1543	39	129.733135	ret0:1,ret1:1,ret2:1,ret3:1,ret4:1,ret5:1,ret6:1,ret7:1,ret8:1,ret9:1,ret10:1,ret11:1,drive:3	160004800000
ret W=8 E=12	virtual	0	0	0	0	12	2354	2279	133	34.00166	ret0:1>8,ret1:1>8,ret2:1>8,ret3:1>8,ret4:1>8,ret5:1>8,ret6:1>8,ret7:1>8,ret8:1>8,ret9:1>8,ret10:1>8,ret11:1>8,drive:3	160004800000
ret W=12 E=1	physical	200000	25600000	24	1	0	1663	1588	61	95.65921	ret0:1,drive:3	240012000000
ret W=12 E=1	virtual	0	0	0	0	1	1608	1533	61	13.784775	ret0:1>12,drive:3	240012000000
ret W=12 E=2	physical	200000	25600000	24	1	0	1706	1631	61	98.586235	ret0:1,ret1:1,drive:3	240012000000
ret W=12 E=2	virtual	0	0	0	0	2	1786	1711	79	17.5029	ret0:1>12,ret1:1>12,drive:3	240012000000
ret W=12 E=3	physical	200000	25600000	24	1	0	1749	1674	61	95.49642	ret0:1,ret1:1,ret2:1,drive:3	240012000000
ret W=12 E=3	virtual	0	0	0	0	3	1964	1889	97	19.39623	ret0:1>12,ret1:1>12,ret2:1>12,drive:3	240012000000
ret W=12 E=4	physical	200000	25600000	24	1	0	1792	1717	61	96.916895	ret0:1,ret1:1,ret2:1,ret3:1,drive:3	240012000000
ret W=12 E=4	virtual	0	0	0	0	4	2142	2067	115	23.94199	ret0:1>12,ret1:1>12,ret2:1>12,ret3:1>12,drive:3	240012000000
ret W=12 E=6	physical	200000	25600000	24	1	0	1878	1803	61	100.584465	ret0:1,ret1:1,ret2:1,ret3:1,ret4:1,ret5:1,drive:3	240012000000
ret W=12 E=6	virtual	0	0	0	0	6	2498	2423	151	29.491505	ret0:1>12,ret1:1>12,ret2:1>12,ret3:1>12,ret4:1>12,ret5:1>12,drive:3	240012000000
ret W=12 E=8	physical	200000	25600000	24	1	0	1964	1889	61	105.24889	ret0:1,ret1:1,ret2:1,ret3:1,ret4:1,ret5:1,ret6:1,ret7:1,drive:3	240012000000
ret W=12 E=8	virtual	0	0	0	0	8	2854	2779	187	37.575755	ret0:1>12,ret1:1>12,ret2:1>12,ret3:1>12,ret4:1>12,ret5:1>12,ret6:1>12,ret7:1>12,drive:3	240012000000
ret W=12 E=12	physical	200000	25600000	24	1	0	2136	2061	61	113.47111	ret0:1,ret1:1,ret2:1,ret3:1,ret4:1,ret5:1,ret6:1,ret7:1,ret8:1,ret9:1,ret10:1,ret11:1,drive:3	240012000000
ret W=12 E=12	virtual	0	0	0	0	12	3566	3491	259	52.8621	ret0:1>12,ret1:1>12,ret2:1>12,ret3:1>12,ret4:1>12,ret5:1>12,ret6:1>12,ret7:1>12,ret8:1>12,ret9:1>12,ret10:1>12,ret11:1>12,drive:3	240012000000
