cyclic W=2	physical	200001	9600048	9	2	0	615	442	22	83.46339	spin:3	400001
cyclic W=2	virtual	0	0	0	0	0	494	404	15	1.746255	spin:4	400001
cyclic W=3	physical	200001	11200056	10	2	0	807	625	30	85.174745	spin:3	600003
cyclic W=3	virtual	0	0	0	0	0	700	595	27	2.672035	spin:5	600003
cyclic W=4	physical	200001	12800064	12	2	0	1011	811	39	85.00739	spin:3	800006
cyclic W=4	virtual	0	0	0	0	0	940	816	43	3.36686	spin:6	800006
cyclic W=5	physical	200001	14400072	13	2	0	1272	1054	58	83.646805	spin:3	1000010
cyclic W=5	virtual	0	0	0	0	0	1161	1021	60	4.619665	spin:7	1000010
cyclic W=6	physical	200001	16000080	15	2	0	1505	1269	70	90.684225	spin:3	1200015
cyclic W=6	virtual	0	0	0	0	0	1397	1237	75	5.34445	spin:8	1200015
cyclic W=8	physical	200001	19200096	18	2	0	2042	1752	92	95.29074	spin:3	1600028
cyclic W=8	virtual	0	0	0	0	0	1922	1701	113	8.695115	spin:10	1600028
