arg W=2 E=1	physical	200000	9600000	9	1	0	625	550	27	87.155525	fwd0:2,drive:3	59999900000
arg W=2 E=1	virtual	0	0	0	0	0	558	483	18	4.555415	fwd0:3,drive:3	59999900000
arg W=2 E=2	physical	200000	9600000	9	1	0	677	602	28	88.531055	fwd0:2,fwd1:2,drive:3	59999900000
arg W=2 E=2	virtual	0	0	0	0	0	622	547	20	5.75781	fwd0:3,fwd1:3,drive:3	59999900000
arg W=2 E=3	physical	200000	9600000	9	1	0	729	654	29	90.447775	fwd0:2,fwd1:2,fwd2:2,drive:3	59999900000
arg W=2 E=3	virtual	0	0	0	0	0	686	611	22	6.37458	fwd0:3,fwd1:3,fwd2:3,drive:3	59999900000
arg W=2 E=4	physical	200000	9600000	9	1	0	781	706	30	88.93634	fwd0:2,fwd1:2,fwd2:2,fwd3:2,drive:3	59999900000
arg W=2 E=4	virtual	0	0	0	0	0	750	675	24	7.381225	fwd0:3,fwd1:3,fwd2:3,fwd3:3,drive:3	59999900000
arg W=2 E=6	physical	200000	9600000	9	1	0	885	810	32	90.34221	fwd0:2,fwd1:2,fwd2:2,fwd3:2,fwd4:2,fwd5:2,drive:3	59999900000
arg W=2 E=6	virtual	0	0	0	0	0	878	803	28	10.700095	fwd0:3,fwd1:3,fwd2:3,fwd3:3,fwd4:3,fwd5:3,drive:3	59999900000
arg W=2 E=8	physical	200000	9600000	9	1	0	989	914	34	94.513735	fwd0:2,fwd1:2,fwd2:2,fwd3:2,fwd4:2,fwd5:2,fwd6:2,fwd7:2,drive:3	59999900000
arg W=2 E=8	virtual	0	0	0	0	0	1006	931	32	12.615225	fwd0:3,fwd1:3,fwd2:3,fwd3:3,fwd4:3,fwd5:3,fwd6:3,fwd7:3,drive:3	59999900000
arg W=2 E=12	physical	200000	9600000	9	1	0	1197	1122	38	96.44363	fwd0:2,fwd1:2,fwd2:2,fwd3:2,fwd4:2,fwd5:2,fwd6:2,fwd7:2,fwd8:2,fwd9:2,fwd10:2,fwd11:2,drive:3	59999900000
arg W=2 E=12	virtual	0	0	0	0	0	1262	1187	40	16.332945	fwd0:3,fwd1:3,fwd2:3,fwd3:3,fwd4:3,fwd5:3,fwd6:3,fwd7:3,fwd8:3,fwd9:3,fwd10:3,fwd11:3,drive:3	59999900000
arg W=3 E=1	physical	200000	11200000	10	1	0	741	666	32	87.11504	fwd0:2,drive:3	80000200000
arg W=3 E=1	virtual	0	0	0	0	0	670	595	22	5.61843	fwd0:4,drive:3	80000200000
arg W=3 E=2	physical	200000	11200000	10	1	0	793	718	33	85.34347	fwd0:2,fwd1:2,drive:3	80000200000
arg W=3 E=2	virtual	0	0	0	0	0	743	668	25	7.23308	fwd0:4,fwd1:4,drive:3	80000200000
arg W=3 E=3	physical	200000	11200000	10	1	0	845	770	34	87.45248	fwd0:2,fwd1:2,fwd2:2,drive:3	80000200000
arg W=3 E=3	virtual	0	0	0	0	0	816	741	28	7.909225	fwd0:4,fwd1:4,fwd2:4,drive:3	80000200000
arg W=3 E=4	physical	200000	11200000	10	1	0	897	822	35	89.156305	fwd0:2,fwd1:2,fwd2:2,fwd3:2,drive:3	80000200000
arg W=3 E=4	virtual	0	0	0	0	0	889	814	31	8.965625	fwd0:4,fwd1:4,fwd2:4,fwd3:4,drive:3	80000200000
arg W=3 E=6	physical	200000	11200000	10	1	0	1001	926	37	90.486	fwd0:2,fwd1:2,fwd2:2,fwd3:2,fwd4:2,fwd5:2,drive:3	80000200000
arg W=3 E=6	virtual	0	0	0	0	0	1035	960	37	11.1084	fwd0:4,fwd1:4,fwd2:4,fwd3:4,fwd4:4,fwd5:4,drive:3	80000200000
arg W=3 E=8	physical	200000	11200000	10	1	0	1105	1030	39	92.914815	fwd0:2,fwd1:2,fwd2:2,fwd3:2,fwd4:2,fwd5:2,fwd6:2,fwd7:2,drive:3	80000200000
arg W=3 E=8	virtual	0	0	0	0	0	1181	1106	43	12.661485	fwd0:4,fwd1:4,fwd2:4,fwd3:4,fwd4:4,fwd5:4,fwd6:4,fwd7:4,drive:3	80000200000
arg W=3 E=12	physical	200000	11200000	10	1	0	1313	1238	43	96.36722	fwd0:2,fwd1:2,fwd2:2,fwd3:2,fwd4:2,fwd5:2,fwd6:2,fwd7:2,fwd8:2,fwd9:2,fwd10:2,fwd11:2,drive:3	80000200000
arg W=3 E=12	virtual	0	0	0	0	0	1473	1398	55	19.981715	fwd0:4,fwd1:4,fwd2:4,fwd3:4,fwd4:4,fwd5:4,fwd6:4,fwd7:4,fwd8:4,fwd9:4,fwd10:4,fwd11:4,drive:3	80000200000
arg W=4 E=1	physical	200000	12800000	12	1	0	860	785	36	86.180005	fwd0:2,drive:3	100000700000
arg W=4 E=1	virtual	0	0	0	0	0	799	724	26	6.830935	fwd0:5,drive:3	100000700000
arg W=4 E=2	physical	200000	12800000	12	1	0	912	837	37	85.098705	fwd0:2,fwd1:2,drive:3	100000700000
arg W=4 E=2	virtual	0	0	0	0	0	881	806	30	7.5954	fwd0:5,fwd1:5,drive:3	100000700000
arg W=4 E=3	physical	200000	12800000	12	1	0	964	889	38	88.60136	fwd0:2,fwd1:2,fwd2:2,drive:3	100000700000
arg W=4 E=3	virtual	0	0	0	0	0	963	888	34	8.49477	fwd0:5,fwd1:5,fwd2:5,drive:3	100000700000
arg W=4 E=4	physical	200000	12800000	12	1	0	1016	941	39	86.669085	fwd0:2,fwd1:2,fwd2:2,fwd3:2,drive:3	100000700000
arg W=4 E=4	virtual	0	0	0	0	0	1045	970	38	9.19909	fwd0:5,fwd1:5,fwd2:5,fwd3:5,drive:3	100000700000
arg W=4 E=6	physical	200000	12800000	12	1	0	1120	1045	41	91.310425	fwd0:2,fwd1:2,fwd2:2,fwd3:2,fwd4:2,fwd5:2,drive:3	100000700000
arg W=4 E=6	virtual	0	0	0	0	0	1209	1134	46	12.400885	fwd0:5,fwd1:5,fwd2:5,fwd3:5,fwd4:5,fwd5:5,drive:3	100000700000
arg W=4 E=8	physical	200000	12800000	12	1	0	1224	1149	43	92.28146	fwd0:2,fwd1:2,fwd2:2,fwd3:2,fwd4:2,fwd5:2,fwd6:2,fwd7:2,drive:3	100000700000
arg W=4 E=8	virtual	0	0	0	0	0	1373	1298	54	14.80256	fwd0:5,fwd1:5,fwd2:5,fwd3:5,fwd4:5,fwd5:5,fwd6:5,fwd7:5,drive:3	100000700000
arg W=4 E=12	physical	200000	12800000	12	1	0	1432	1357	47	93.66601	fwd0:2,fwd1:2,fwd2:2,fwd3:2,fwd4:2,fwd5:2,fwd6:2,fwd7:2,fwd8:2,fwd9:2,fwd10:2,fwd11:2,drive:3	100000700000
arg W=4 E=12	virtual	0	0	0	0	0	1701	1626	70	25.85421	fwd0:5,fwd1:5,fwd2:5,fwd3:5,fwd4:5,fwd5:5,fwd6:5,fwd7:5,fwd8:5,fwd9:5,fwd10:5,fwd11:5,drive:3	100000700000
arg W=5 E=1	physical	200000	14400000	13	1	0	959	884	40	84.19449	fwd0:2,drive:3	120001400000
arg W=5 E=1	virtual	0	0	0	0	0	933	858	33	8.26039	fwd0:6,drive:3	120001400000
arg W=5 E=2	physical	200000	14400000	13	1	0	1011	936	41	85.970345	fwd0:2,fwd1:2,drive:3	120001400000
arg W=5 E=2	virtual	0	0	0	0	0	1045	970	40	9.363035	fwd0:6,fwd1:6,drive:3	120001400000
arg W=5 E=3	physical	200000	14400000	13	1	0	1063	988	42	90.52264	fwd0:2,fwd1:2,fwd2:2,drive:3	120001400000
arg W=5 E=3	virtual	0	0	0	0	0	1157	1082	47	10.634815	fwd0:6,fwd1:6,fwd2:6,drive:3	120001400000
arg W=5 E=4	physical	200000	14400000	13	1	0	1115	1040	43	88.40825	fwd0:2,fwd1:2,fwd2:2,fwd3:2,drive:3	120001400000
arg W=5 E=4	virtual	0	0	0	0	0	1269	1194	54	11.781155	fwd0:6,fwd1:6,fwd2:6,fwd3:6,drive:3	120001400000
arg W=5 E=6	physical	200000	14400000	13	1	0	1219	1144	45	89.20082	fwd0:2,fwd1:2,fwd2:2,fwd3:2,fwd4:2,fwd5:2,drive:3	120001400000
arg W=5 E=6	virtual	0	0	0	0	0	1493	1418	68	15.107745	fwd0:6,fwd1:6,fwd2:6,fwd3:6,fwd4:6,fwd5:6,drive:3	120001400000
arg W=5 E=8	physical	200000	14400000	13	1	0	1323	1248	47	92.204355	fwd0:2,fwd1:2,fwd2:2,fwd3:2,fwd4:2,fwd5:2,fwd6:2,fwd7:2,drive:3	120001400000
arg W=5 E=8	virtual	0	0	0	0	0	1717	1642	82	21.13206	fwd0:6,fwd1:6,fwd2:6,fwd3:6,fwd4:6,fwd5:6,fwd6:6,fwd7:6,drive:3	120001400000
arg W=5 E=12	physical	200000	14400000	13	1	0	1531	1456	51	94.383655	fwd0:2,fwd1:2,fwd2:2,fwd3:2,fwd4:2,fwd5:2,fwd6:2,fwd7:2,fwd8:2,fwd9:2,fwd10:2,fwd11:2,drive:3	120001400000
arg W=5 E=12	virtual	0	0	0	0	0	2165	2090	110	34.37864	fwd0:6,fwd1:6,fwd2:6,fwd3:6,fwd4:6,fwd5:6,fwd6:6,fwd7:6,fwd8:6,fwd9:6,fwd10:6,fwd11:6,drive:3	120001400000
arg W=6 E=1	physical	200000	16000000	15	1	0	1085	1010	44	103.403015	fwd0:2,drive:3	140002300000
arg W=6 E=1	virtual	0	0	0	0	0	1059	984	42	9.8433	fwd0:7,drive:3	140002300000
arg W=6 E=2	physical	200000	16000000	15	1	0	1137	1062	45	95.6209	fwd0:2,fwd1:2,drive:3	140002300000
arg W=6 E=2	virtual	0	0	0	0	0	1194	1119	53	10.20233	fwd0:7,fwd1:7,drive:3	140002300000
arg W=6 E=3	physical	200000	16000000	15	1	0	1189	1114	46	96.391135	fwd0:2,fwd1:2,fwd2:2,drive:3	140002300000
arg W=6 E=3	virtual	0	0	0	0	0	1329	1254	64	12.07012	fwd0:7,fwd1:7,fwd2:7,drive:3	140002300000
arg W=6 E=4	physical	200000	16000000	15	1	0	1241	1166	47	94.259815	fwd0:2,fwd1:2,fwd2:2,fwd3:2,drive:3	140002300000
arg W=6 E=4	virtual	0	0	0	0	0	1464	1389	75	25.12932	fwd0:7,fwd1:7,fwd2:7,fwd3:7,drive:3	140002300000
arg W=6 E=6	physical	200000	16000000	15	1	0	1345	1270	49	95.630265	fwd0:2,fwd1:2,fwd2:2,fwd3:2,fwd4:2,fwd5:2,drive:3	140002300000
arg W=6 E=6	virtual	0	0	0	0	0	1734	1659	97	19.33307	fwd0:7,fwd1:7,fwd2:7,fwd3:7,fwd4:7,fwd5:7,drive:3	140002300000
arg W=6 E=8	physical	200000	16000000	15	1	0	1449	1374	51	97.415005	fwd0:2,fwd1:2,fwd2:2,fwd3:2,fwd4:2,fwd5:2,fwd6:2,fwd7:2,drive:3	140002300000
arg W=6 E=8	virtual	0	0	0	0	0	2004	1929	119	27.254115	fwd0:7,fwd1:7,fwd2:7,fwd3:7,fwd4:7,fwd5:7,fwd6:7,fwd7:7,drive:3	140002300000
arg W=6 E=12	physical	200000	16000000	15	1	0	1657	1582	55	103.60613	fwd0:2,fwd1:2,fwd2:2,fwd3:2,fwd4:2,fwd5:2,fwd6:2,fwd7:2,fwd8:2,fwd9:2,fwd10:2,fwd11:2,drive:3	140002300000
arg W=6 E=12	virtual	0	0	0	0	0	2544	2469	163	41.701425	fwd0:7,fwd1:7,fwd2:7,fwd3:7,fwd4:7,fwd5:7,fwd6:7,fwd7:7,fwd8:7,fwd9:7,fwd10:7,fwd11:7,drive:3	140002300000
arg W=8 E=1	physical	200000	19200000	18	1	0	1281	1206	52	95.04374	fwd0:2,drive:3	180004700000
arg W=8 E=1	virtual	0	0	0	0	0	1340	1265	63	11.04985	fwd0:9,drive:3	180004700000
arg W=8 E=2	physical	200000	19200000	18	1	0	1333	1258	53	95.819895	fwd0:2,fwd1:2,drive:3	180004700000
arg W=8 E=2	virtual	0	0	0	0	0	1547	1472	86	14.197995	fwd0:9,fwd1:9,drive:3	180004700000
arg W=8 E=3	physical	200000	19200000	18	1	0	1385	1310	54	96.79858	fwd0:2,fwd1:2,fwd2:2,drive:3	180004700000
arg W=8 E=3	virtual	0	0	0	0	0	1754	1679	109	16.799155	fwd0:9,fwd1:9,fwd2:9,drive:3	180004700000
arg W=8 E=4	physical	200000	19200000	18	1	0	1437	1362	55	95.94837	fwd0:2,fwd1:2,fwd2:2,fwd3:2,drive:3	180004700000
arg W=8 E=4	virtual	0	0	0	0	0	1961	1886	132	19.96618	fwd0:9,fwd1:9,fwd2:9,fwd3:9,drive:3	180004700000
arg W=8 E=6	physical	200000	19200000	18	1	0	1541	1466	57	102.71728	fwd0:2,fwd1:2,fwd2:2,fwd3:2,fwd4:2,fwd5:2,drive:3	180004700000
arg W=8 E=6	virtual	0	0	0	0	0	2375	2300	178	45.270915	fwd0:9,fwd1:9,fwd2:9,fwd3:9,fwd4:9,fwd5:9,drive:3	180004700000
arg W=8 E=8	physical	200000	19200000	18	1	0	1645	1570	59	98.015595	fwd0:2,fwd1:2,fwd2:2,fwd3:2,fwd4:2,fwd5:2,fwd6:2,fwd7:2,drive:3	180004700000
arg W=8 E=8	virtual	0	0	0	0	0	2789	2714	224	37.31354	fwd0:9,fwd1:9,fwd2:9,fwd3:9,fwd4:9,fwd5:9,fwd6:9,fwd7:9,drive:3	180004700000
arg W=8 E=12	physical	200000	19200000	18	1	0	1853	1778	63	103.51786	fwd0:2,fwd1:2,fwd2:2,fwd3:2,fwd4:2,fwd5:2,fwd6:2,fwd7:2,fwd8:2,fwd9:2,fwd10:2,fwd11:2,drive:3	180004700000
arg W=8 E=12	virtual	0	0	0	0	0	3617	3542	316	56.19305	fwd0:9,fwd1:9,fwd2:9,fwd3:9,fwd4:9,fwd5:9,fwd6:9,fwd7:9,fwd8:9,fwd9:9,fwd10:9,fwd11:9,drive:3	180004700000
